City_ID,City,Lat,Lng,Max Temp,Humidity,Cloudiness,Wind Speed,Country,Date
0,Turkistan,43.0,68.0,89.22,21,0,2.1,KZ,2021-07-23 03:32:23
1,Eyl,7.9803,49.8164,79.61,67,64,27.34,SO,2021-07-23 03:36:03
2,Tasiilaq,65.6145,-37.6368,41.16,97,100,1.07,GL,2021-07-23 03:36:04
3,Talnakh,69.4865,88.3972,55.67,76,100,5.93,RU,2021-07-23 03:36:05
4,Mataura,-46.1927,168.8643,54.48,82,62,2.82,NZ,2021-07-23 03:36:05
5,Dikson,73.5069,80.5464,38.35,96,96,17.4,RU,2021-07-23 03:36:06
6,Evensk,61.95,159.2333,51.82,91,100,4.27,RU,2021-07-23 03:36:07
7,Atuona,-9.8,-139.0333,77.38,75,97,10.89,PF,2021-07-23 03:36:07
8,Vaini,-21.2,-175.2,80.76,78,20,5.75,TO,2021-07-23 03:36:09
9,Kamenka,51.3223,42.7678,64.0,65,0,8.79,RU,2021-07-23 03:36:09
10,Darhan,49.4867,105.9228,77.16,56,84,4.68,MN,2021-07-23 03:36:10
11,Esperance,-33.8667,121.9,60.64,63,70,30.0,AU,2021-07-23 03:36:11
12,Rundu,-17.9333,19.7667,39.79,19,24,6.73,NA,2021-07-23 03:36:11
13,Ola,59.5833,151.2833,54.32,86,100,4.41,RU,2021-07-23 03:36:12
14,Avarua,-21.2078,-159.775,78.85,78,20,10.36,CK,2021-07-23 03:36:13
15,Namatanai,-3.6667,152.4333,83.28,72,18,7.23,PG,2021-07-23 03:36:13
16,Hithadhoo,-0.6,73.0833,81.3,77,100,14.0,MV,2021-07-23 03:33:46
17,Bobrovytsya,50.75,31.3833,61.61,70,0,5.28,UA,2021-07-23 03:36:14
18,Hilo,19.7297,-155.09,74.93,91,90,5.75,US,2021-07-23 03:36:15
19,Rikitea,-23.1203,-134.9692,73.94,73,6,19.62,PF,2021-07-23 03:36:16
20,Smithers,54.7804,-127.1743,62.92,45,40,5.75,CA,2021-07-23 03:36:17
21,Mwinilunga,-11.7358,24.4293,51.4,47,3,5.84,ZM,2021-07-23 03:34:13
22,Bengkulu,-3.8004,102.2655,83.19,65,91,4.45,ID,2021-07-23 03:36:18
23,Lae,-6.7221,146.9847,77.67,83,100,1.07,PG,2021-07-23 03:36:18
24,Ushuaia,-54.8,-68.3,38.86,81,75,9.22,AR,2021-07-23 03:36:19
25,Upernavik,72.7868,-56.1549,40.37,95,100,0.69,GL,2021-07-23 03:36:19
26,Sobolevo,54.4299,31.8996,58.32,72,2,7.63,RU,2021-07-23 03:36:20
27,East London,-33.0153,27.9116,53.29,66,98,20.0,ZA,2021-07-23 03:36:21
28,Bachatskiy,54.2927,86.1285,71.46,67,92,4.16,RU,2021-07-23 03:36:21
29,Carnarvon,-24.8667,113.6333,68.07,64,97,12.66,AU,2021-07-23 03:36:21
30,Waghausel,49.2564,8.5072,61.18,78,0,2.19,DE,2021-07-23 03:36:22
31,Iqaluit,63.7506,-68.5145,51.53,81,90,3.0,CA,2021-07-23 03:36:24
32,Kiruna,67.8557,20.2251,47.32,61,20,10.36,SE,2021-07-23 03:36:25
33,Chuy,-33.6971,-53.4616,49.35,80,73,6.71,UY,2021-07-23 03:36:26
34,Mount Gambier,-37.8333,140.7667,49.91,81,90,12.66,AU,2021-07-23 03:31:29
35,Barrow,71.2906,-156.7887,37.42,87,90,14.97,US,2021-07-23 03:33:54
36,Hobart,-42.8794,147.3294,57.92,53,40,3.0,AU,2021-07-23 03:36:27
37,Boddam,57.4667,-1.7833,59.38,92,12,3.6,GB,2021-07-23 03:36:28
38,Tuktoyaktuk,69.4541,-133.0374,51.8,100,90,16.11,CA,2021-07-23 03:36:28
39,Port-Gentil,-0.7193,8.7815,74.64,76,100,12.24,GA,2021-07-23 03:36:29
40,Yar-Sale,66.8333,70.8333,56.1,54,100,11.74,RU,2021-07-23 03:36:30
41,Midland,31.9974,-102.0779,84.87,45,90,11.5,US,2021-07-23 03:33:58
42,Puerto Ayora,-0.7393,-90.3518,72.55,86,98,1.99,EC,2021-07-23 03:36:30
43,Riverton,40.5219,-111.9391,77.2,67,90,5.99,US,2021-07-23 03:36:31
44,Thompson,55.7435,-97.8558,75.36,69,75,3.44,CA,2021-07-23 03:31:47
45,Tombouctou,20.0,-3.0,87.26,42,28,16.73,ML,2021-07-23 03:36:31
46,Ancud,-41.8697,-73.8203,46.22,80,92,6.78,CL,2021-07-23 03:36:34
47,Saskylakh,71.9167,114.0833,64.96,68,74,10.67,RU,2021-07-23 03:36:34
48,Bluff,-46.6,168.3333,54.81,69,86,9.6,NZ,2021-07-23 03:36:35
49,Kolosovka,56.4678,73.611,76.17,52,0,14.18,RU,2021-07-23 03:36:36
50,Kruisfontein,-34.0033,24.7314,44.89,78,100,5.79,ZA,2021-07-23 03:36:37
51,Palmer,42.1584,-72.3287,69.96,72,75,5.75,US,2021-07-23 03:34:02
52,Sao Joao Da Barra,-21.6403,-41.0511,65.32,80,10,2.75,BR,2021-07-23 03:36:38
53,Cape Town,-33.9258,18.4232,46.89,71,0,5.01,ZA,2021-07-23 03:34:44
54,Manaus,-3.1019,-60.025,79.3,100,40,3.44,BR,2021-07-23 03:36:39
55,Kholm,59.2667,32.85,55.76,91,100,5.17,RU,2021-07-23 03:36:40
56,Plettenberg Bay,-34.0527,23.3716,48.56,83,100,2.55,ZA,2021-07-23 03:36:41
57,Ostrovnoy,68.0531,39.5131,44.17,80,100,19.95,RU,2021-07-23 03:36:42
58,Khatanga,71.9667,102.5,70.0,49,100,5.32,RU,2021-07-23 03:36:43
59,Abnub,27.2696,31.1511,80.82,51,0,7.18,EG,2021-07-23 03:36:45
60,Severo-Kurilsk,50.6789,156.125,56.43,88,57,4.25,RU,2021-07-23 03:36:45
61,Verkhnetulomskiy,68.6073,31.7962,41.13,87,100,14.56,RU,2021-07-23 03:36:46
62,Dwarka,22.2394,68.9678,84.38,81,100,19.06,IN,2021-07-23 03:36:46
63,Butaritari,3.0707,172.7902,83.07,77,95,14.88,KI,2021-07-23 03:36:47
64,Bud,39.447,-86.1758,74.34,88,26,5.68,US,2021-07-23 03:36:47
65,Muroto,33.2833,134.15,86.04,78,100,12.64,JP,2021-07-23 03:36:48
66,Kaitangata,-46.2817,169.8464,52.93,51,17,4.03,NZ,2021-07-23 03:36:49
67,Tara,56.8944,74.371,75.24,58,0,11.79,RU,2021-07-23 03:36:50
68,Almaty,43.25,76.95,75.11,50,20,4.47,KZ,2021-07-23 03:36:51
69,Necochea,-38.5473,-58.7368,53.04,78,100,11.32,AR,2021-07-23 03:36:52
70,Sioux Lookout,50.1001,-91.917,69.87,78,40,8.05,CA,2021-07-23 03:36:52
71,Snezhnogorsk,69.1933,33.2531,40.78,83,98,22.79,RU,2021-07-23 03:36:53
72,Noumea,-22.2763,166.4572,73.99,99,94,10.4,NC,2021-07-23 03:36:53
73,Inhambane,-23.865,35.3833,60.78,82,20,4.61,MZ,2021-07-23 03:36:54
74,Nantucket,41.2835,-70.0995,73.0,90,1,9.22,US,2021-07-23 03:33:52
75,Oktyabrskiy,54.4815,53.471,62.94,76,100,4.79,RU,2021-07-23 03:36:55
76,Provideniya,64.3833,-173.3,48.31,71,0,8.95,RU,2021-07-23 03:36:56
77,Zambezi,-13.5432,23.1047,45.64,36,49,3.94,ZM,2021-07-23 03:36:56
78,Albany,42.6001,-73.9662,67.53,71,99,4.0,US,2021-07-23 03:35:10
79,Port Hedland,-20.3167,118.5667,84.25,26,8,5.75,AU,2021-07-23 03:36:59
80,Gazanjyk,39.2446,55.5154,90.79,14,6,4.05,TM,2021-07-23 03:37:00
81,Safaga,26.7292,33.9365,85.95,48,0,12.12,EG,2021-07-23 03:37:01
82,Busselton,-33.65,115.3333,57.04,60,98,20.92,AU,2021-07-23 03:36:59
83,Kwidzyn,53.7249,18.9311,57.27,90,10,4.32,PL,2021-07-23 03:37:02
84,Conakry,9.538,-13.6773,77.58,84,31,7.85,GN,2021-07-23 03:37:04
85,Vaitape,-16.5167,-151.75,77.95,65,26,14.2,PF,2021-07-23 03:37:04
86,Jamestown,42.097,-79.2353,64.04,67,75,5.75,US,2021-07-23 03:37:05
87,Saint-Francois,46.4154,3.9054,58.44,91,0,3.44,FR,2021-07-23 03:37:06
88,Veselynove,47.3567,31.2349,61.12,68,0,7.74,UA,2021-07-23 03:37:06
89,Faanui,-16.4833,-151.75,77.97,65,27,14.29,PF,2021-07-23 03:37:08
90,Luebo,-5.35,21.4167,66.58,40,38,2.33,CD,2021-07-23 03:37:08
91,Padang,-0.9492,100.3543,86.05,65,64,4.05,ID,2021-07-23 03:37:09
92,Ponta Do Sol,32.6667,-17.1,72.23,73,8,6.67,PT,2021-07-23 03:37:09
93,Naze,28.3667,129.4833,77.92,91,100,26.22,JP,2021-07-23 03:37:10
94,Flinders,-34.5833,150.8552,61.21,63,90,1.99,AU,2021-07-23 03:37:10
95,Narsaq,60.9167,-46.05,46.62,97,100,5.84,GL,2021-07-23 03:37:11
96,Bredasdorp,-34.5322,20.0403,38.52,93,81,4.61,ZA,2021-07-23 03:37:11
97,Broome,42.2506,-75.833,62.64,80,84,1.45,US,2021-07-23 03:37:12
98,Hattiesburg,31.3271,-89.2903,79.65,94,1,0.0,US,2021-07-23 03:36:24
99,Qaanaaq,77.484,-69.3632,38.61,76,3,1.14,GL,2021-07-23 03:37:13
100,Hermanus,-34.4187,19.2345,42.91,75,51,10.36,ZA,2021-07-23 03:37:14
101,Prieska,-29.6641,22.7474,28.53,78,0,6.11,ZA,2021-07-23 03:34:39
102,Mar Del Plata,-38.0023,-57.5575,54.12,65,0,13.0,AR,2021-07-23 03:37:15
103,San Fernando,15.0286,120.6898,84.22,88,100,12.01,PH,2021-07-23 03:37:15
104,Skotterud,59.9828,12.1283,58.8,75,33,2.37,NO,2021-07-23 03:37:16
105,Pangnirtung,66.1451,-65.7125,42.8,93,75,5.75,CA,2021-07-23 03:37:16
106,Shenkursk,62.1091,42.896,52.84,96,100,3.78,RU,2021-07-23 03:37:17
107,Birao,10.2849,22.7882,68.56,93,93,3.71,CF,2021-07-23 03:37:18
108,Roebourne,-20.7833,117.1333,83.44,20,8,10.36,AU,2021-07-23 03:37:19
109,Sambava,-14.2667,50.1667,70.68,78,55,12.17,MG,2021-07-23 03:37:20
110,Arraial Do Cabo,-22.9661,-42.0278,68.22,74,15,10.94,BR,2021-07-23 03:37:20
111,Lata,40.1629,-8.3327,62.04,94,100,0.87,PT,2021-07-23 03:37:21
112,Srednekolymsk,67.45,153.6833,69.67,36,18,7.81,RU,2021-07-23 03:37:22
113,Krasnoselkup,65.7,82.4667,69.37,60,97,7.87,RU,2021-07-23 03:37:22
114,Punta Arenas,-53.15,-70.9167,37.51,81,20,23.02,CL,2021-07-23 03:37:23
115,Mazatlan,23.2167,-106.4167,88.02,84,20,1.99,MX,2021-07-23 03:35:53
116,Mehamn,71.0357,27.8492,44.55,76,75,23.02,NO,2021-07-23 03:37:24
117,Athabasca,54.7169,-113.2854,59.41,49,62,7.96,CA,2021-07-23 03:32:32
118,Luderitz,-26.6481,15.1594,54.32,37,5,4.61,NA,2021-07-23 03:37:25
119,Nanortalik,60.1432,-45.2371,43.56,95,100,7.43,GL,2021-07-23 03:37:26
120,Hays,30.0502,-98.0336,76.14,93,31,7.0,US,2021-07-23 03:37:26
121,Mayor Pablo Lagerenza,-19.9309,-60.7718,67.17,37,0,4.88,PY,2021-07-23 03:37:27
122,Castro,-24.7911,-50.0119,45.63,74,0,3.71,BR,2021-07-23 03:37:27
123,Takoradi,4.8845,-1.7554,74.32,88,47,7.9,GH,2021-07-23 03:37:28
124,Chokurdakh,70.6333,147.9167,57.16,43,3,8.68,RU,2021-07-23 03:37:28
125,Mount Isa,-20.7333,139.5,82.17,17,13,10.36,AU,2021-07-23 03:37:29
126,Halifax,44.6453,-63.5724,60.85,88,29,1.01,CA,2021-07-23 03:34:33
127,Purranque,-40.9167,-73.1667,47.86,99,87,2.01,CL,2021-07-23 03:37:30
128,Yellowknife,62.456,-114.3525,61.32,100,90,1.99,CA,2021-07-23 03:37:30
129,Norman Wells,65.282,-126.8329,75.24,57,75,12.66,CA,2021-07-23 03:37:31
130,Ukiah,39.1502,-123.2078,85.89,23,1,6.91,US,2021-07-23 03:34:09
131,Umm Lajj,25.0213,37.2685,86.11,51,29,3.53,SA,2021-07-23 03:37:32
132,Kiunga,-6.1219,141.2906,79.12,81,97,4.45,PG,2021-07-23 03:37:32
133,Tuatapere,-46.1333,167.6833,54.82,73,42,5.1,NZ,2021-07-23 03:37:33
134,Maniitsoq,65.4167,-52.9,40.24,96,100,13.51,GL,2021-07-23 03:37:34
135,Abu Dhabi,24.4667,54.3667,98.62,34,0,5.75,AE,2021-07-23 03:37:34
136,Mani,4.8172,-72.2886,70.45,96,100,4.52,CO,2021-07-23 03:37:35
137,Tiznit,29.5833,-9.5,86.13,25,6,9.84,MA,2021-07-23 03:37:35
138,Saint-Philippe,-21.3585,55.7679,67.55,75,42,12.26,RE,2021-07-23 03:37:36
139,Baykit,61.67,96.37,78.26,37,35,3.0,RU,2021-07-23 03:37:36
140,Tenenkou,14.4572,-4.9169,78.67,70,26,12.21,ML,2021-07-23 03:37:37
141,Pisco,-13.7,-76.2167,62.65,77,90,8.05,PE,2021-07-23 03:37:38
142,Hamilton,39.1834,-84.5333,70.88,81,1,0.0,US,2021-07-23 03:37:22
143,Pevek,69.7008,170.3133,44.42,66,5,7.31,RU,2021-07-23 03:37:39
144,Ilulissat,69.2167,-51.1,42.82,87,100,0.0,GL,2021-07-23 03:37:40
145,Klaksvik,62.2266,-6.589,49.12,95,94,10.6,FO,2021-07-23 03:37:41
146,Mogadishu,2.0371,45.3438,76.87,82,70,21.39,SO,2021-07-23 03:37:41
147,Pochutla,15.7432,-96.4661,81.82,88,45,4.61,MX,2021-07-23 03:37:42
148,Lasa,46.6166,10.7002,65.28,85,2,3.29,IT,2021-07-23 03:37:43
149,Longyearbyen,78.2186,15.6401,44.44,81,75,19.57,SJ,2021-07-23 03:37:07
150,La Palma,33.8464,-118.0467,84.04,80,75,5.99,US,2021-07-23 03:37:44
151,Kapaa,22.0752,-159.319,84.18,79,75,3.0,US,2021-07-23 03:35:53
152,Gazojak,41.1875,61.4036,91.92,13,0,10.85,TM,2021-07-23 03:37:45
153,Davila,18.4726,120.5763,85.98,84,100,21.68,PH,2021-07-23 03:37:48
154,San Patricio,28.017,-97.5169,84.83,80,56,12.57,US,2021-07-23 03:37:48
155,Payson,40.0444,-111.7321,76.41,85,75,8.05,US,2021-07-23 03:37:49
156,Key Largo,25.0865,-80.4473,84.99,69,100,7.09,US,2021-07-23 03:37:49
157,Sisimiut,66.9395,-53.6735,42.13,95,100,2.98,GL,2021-07-23 03:37:50
158,Port Macquarie,-31.4333,152.9167,62.56,47,100,10.56,AU,2021-07-23 03:37:50
159,Mahebourg,-20.4081,57.7,72.25,78,75,11.5,MU,2021-07-23 03:37:51
160,Te Anau,-45.4167,167.7167,50.11,77,20,4.05,NZ,2021-07-23 03:37:52
161,Port Elizabeth,-33.918,25.5701,50.29,81,0,9.22,ZA,2021-07-23 03:37:52
162,Nizhnyaya Tura,58.6293,59.8118,57.54,95,100,4.88,RU,2021-07-23 03:37:53
163,Vladivostok,43.1056,131.8735,89.62,79,74,5.91,RU,2021-07-23 03:35:21
164,Nola,40.922,14.5329,77.61,49,0,1.81,IT,2021-07-23 03:37:54
165,Chaozhou,23.6651,116.6379,93.06,50,11,2.86,CN,2021-07-23 03:37:55
166,Aklavik,68.2191,-135.0107,57.92,61,63,17.65,CA,2021-07-23 03:37:55
167,Verkhoyansk,67.5447,133.385,75.25,37,26,2.06,RU,2021-07-23 03:37:56
168,Egvekinot,66.3167,-179.1667,47.21,71,81,5.77,RU,2021-07-23 03:37:57
169,Boguchany,58.3814,97.4531,77.18,43,56,4.05,RU,2021-07-23 03:37:57
170,Mareeba,-17.0,145.4333,85.32,57,29,2.13,AU,2021-07-23 03:37:58
171,Dunedin,-45.8742,170.5036,51.8,64,13,8.99,NZ,2021-07-23 03:37:58
172,Suarez,2.954,-76.6964,66.02,84,96,2.71,CO,2021-07-23 03:37:59
173,Lodja,-3.4833,23.4333,72.7,34,97,0.87,CD,2021-07-23 03:38:00
174,Victoria,22.2855,114.1577,93.25,75,36,5.99,HK,2021-07-23 03:33:40
175,Kavieng,-2.5744,150.7967,83.93,74,35,12.03,PG,2021-07-23 03:38:01
176,Tual,-5.6667,132.75,75.78,92,100,13.22,ID,2021-07-23 03:38:01
177,Puerto Ayacucho,5.6639,-67.6236,74.14,94,100,2.86,VE,2021-07-23 03:38:02
178,Lompoc,34.6391,-120.4579,71.78,86,90,9.22,US,2021-07-23 03:34:50
179,Kodiak,57.79,-152.4072,53.11,94,90,14.97,US,2021-07-23 03:38:03
180,Bethel,41.3712,-73.414,70.57,83,1,4.61,US,2021-07-23 03:38:03
181,Half Moon Bay,37.4636,-122.4286,68.56,80,1,12.66,US,2021-07-23 03:38:04
182,Yerbogachen,61.2767,108.0108,74.68,51,57,5.84,RU,2021-07-23 03:38:05
183,Anadyr,64.75,177.4833,59.5,63,0,8.95,RU,2021-07-23 03:38:06
184,Misratah,32.3754,15.0925,77.79,68,0,5.86,LY,2021-07-23 03:38:07
185,Aswan,24.0934,32.907,88.9,33,0,9.22,EG,2021-07-23 03:38:08
186,Port Alfred,-33.5906,26.891,51.78,70,88,16.98,ZA,2021-07-23 03:38:09
187,El Alto,-4.2714,-81.2147,66.29,75,68,10.78,PE,2021-07-23 03:38:09
188,Menomonie,44.8755,-91.9193,76.01,83,90,5.75,US,2021-07-23 03:38:10
189,Ribeira Grande,38.5167,-28.7,68.5,80,45,7.9,PT,2021-07-23 03:36:58
190,Amapa,1.0,-52.0,70.95,99,76,2.3,BR,2021-07-23 03:38:11
191,Avera,33.194,-82.5271,78.75,78,47,3.31,US,2021-07-23 03:38:11
192,Nikolskoye,59.7035,30.7861,60.78,82,97,6.33,RU,2021-07-23 03:38:12
193,Georgetown,5.4112,100.3354,89.89,66,20,1.99,MY,2021-07-23 03:35:09
194,Yulara,-25.2406,130.9889,64.24,32,4,9.22,AU,2021-07-23 03:38:13
195,Los Llanos De Aridane,28.6585,-17.9182,69.55,84,20,17.27,ES,2021-07-23 03:38:14
196,Cherskiy,68.75,161.3,64.44,59,99,7.05,RU,2021-07-23 03:38:14
197,Velen,51.9,6.9833,56.25,87,0,5.26,DE,2021-07-23 03:38:15
198,Paamiut,61.994,-49.6678,41.92,91,100,2.24,GL,2021-07-23 03:38:15
199,Berlevag,70.8578,29.0864,44.6,80,100,21.72,NO,2021-07-23 03:37:44
200,Cabo San Lucas,22.8909,-109.9124,88.81,73,0,8.01,MX,2021-07-23 03:34:19
201,Dingle,10.9995,122.6711,86.16,69,100,21.43,PH,2021-07-23 03:38:02
202,Jesenik,50.2294,17.2046,58.98,76,2,5.01,CZ,2021-07-23 03:38:17
203,Polunochnoye,60.8697,60.4153,52.66,96,100,10.18,RU,2021-07-23 03:38:18
204,Salalah,17.0151,54.0924,78.89,94,90,9.22,OM,2021-07-23 03:37:04
205,Gweru,-19.45,29.8167,43.65,17,33,8.66,ZW,2021-07-23 03:38:19
206,Geraldton,-28.7667,114.6,65.12,88,75,9.22,AU,2021-07-23 03:38:19
207,Raudeberg,61.9875,5.1352,54.19,84,1,21.07,NO,2021-07-23 03:38:20
208,Kahului,20.8947,-156.47,83.46,76,40,20.71,US,2021-07-23 03:35:56
209,Makakilo City,21.3469,-158.0858,82.72,56,40,11.5,US,2021-07-23 03:38:21
210,New Norfolk,-42.7826,147.0587,57.58,54,53,5.01,AU,2021-07-23 03:38:21
211,Ambulu,-8.345,113.6058,85.78,59,7,8.97,ID,2021-07-23 03:38:22
212,Airai,-8.9266,125.4092,77.23,23,7,3.78,TL,2021-07-23 03:38:23
213,Rock Sound,24.9,-76.2,81.55,78,87,12.33,BS,2021-07-23 03:38:24
214,Vagur,61.4732,-6.8119,50.9,94,92,9.8,FO,2021-07-23 03:38:25
215,Laguna,38.421,-121.4238,93.02,33,1,11.5,US,2021-07-23 03:38:25
216,Mudanya,40.3753,28.8822,71.69,71,1,6.64,TR,2021-07-23 03:38:26
217,Mobaye,4.319,21.1786,68.52,97,77,3.04,CF,2021-07-23 03:38:26
218,Isangel,-19.55,169.2667,82.51,74,75,0.0,VU,2021-07-23 03:34:08
219,The Valley,18.217,-63.0578,82.26,81,0,20.67,AI,2021-07-23 03:38:27
220,Lorengau,-2.0226,147.2712,85.01,71,71,9.04,PG,2021-07-23 03:38:29
221,Chivolo,10.025,-74.6228,76.78,85,81,3.78,CO,2021-07-23 03:38:29
222,Qiyang,26.5911,111.8474,93.25,48,14,7.43,CN,2021-07-23 03:38:30
223,Puerto Escondido,15.85,-97.0667,79.63,69,75,0.0,MX,2021-07-23 03:38:30
224,Krasnyy Chikoy,50.3643,108.7512,77.67,55,65,3.38,RU,2021-07-23 03:38:31
225,Sarakhs,36.5449,61.1577,82.54,32,0,2.3,IR,2021-07-23 03:38:31
226,Port Lincoln,-34.7333,135.8667,55.65,68,89,14.16,AU,2021-07-23 03:38:32
227,Blythe,33.6103,-114.5964,106.25,22,75,12.66,US,2021-07-23 03:38:34
228,Hun,29.1268,15.9477,72.79,66,0,4.74,LY,2021-07-23 03:34:13
229,Umm Kaddadah,13.6017,26.6876,80.8,59,72,9.13,SD,2021-07-23 03:38:35
230,Samarai,-10.6167,150.6667,80.22,79,69,10.98,PG,2021-07-23 03:38:36
231,Bambous Virieux,-20.3428,57.7575,72.21,78,75,11.5,MU,2021-07-23 03:38:37
232,Bandarbeyla,9.4942,50.8122,80.76,64,37,31.83,SO,2021-07-23 03:38:37
233,Beringovskiy,63.05,179.3167,47.61,92,100,10.8,RU,2021-07-23 03:38:38
234,Asau,46.4333,26.4,57.96,86,13,3.65,RO,2021-07-23 03:38:38
235,Mayo,38.8876,-76.5119,72.12,84,1,1.01,US,2021-07-23 03:38:39
236,Malia,35.2833,25.4667,79.02,76,6,18.21,GR,2021-07-23 03:38:39
237,Nome,64.5011,-165.4064,51.17,76,40,17.27,US,2021-07-23 03:38:40
238,Talas,38.6908,35.5538,61.47,67,20,2.3,TR,2021-07-23 03:38:40
239,Marawi,7.9986,124.2928,81.55,58,94,9.98,PH,2021-07-23 03:38:43
240,Itaituba,-4.2761,-55.9836,75.56,77,69,1.61,BR,2021-07-23 03:38:43
241,Coquimbo,-29.9533,-71.3436,51.53,87,90,4.61,CL,2021-07-23 03:38:01
242,Alyangula,-13.8483,136.4192,85.87,58,45,10.36,AU,2021-07-23 03:38:44
243,Preobrazheniye,42.9019,133.9064,81.9,76,22,7.61,RU,2021-07-23 03:37:25
244,Malbang,5.8556,125.0453,86.81,67,15,10.74,PH,2021-07-23 03:38:45
245,Vocklabruck,48.0167,13.65,61.48,81,4,1.83,AT,2021-07-23 03:38:47
246,Rawson,-43.3002,-65.1023,52.39,56,100,10.69,AR,2021-07-23 03:38:48
247,Diapaga,12.0708,1.7889,76.28,73,94,10.22,BF,2021-07-23 03:38:49
248,Kattivakkam,13.2167,80.3167,84.29,64,100,16.82,IN,2021-07-23 03:38:49
249,Mahina,-17.5065,-149.489,80.37,57,20,8.05,PF,2021-07-23 03:38:50
250,Guerrero Negro,27.9769,-114.0611,70.81,82,93,14.05,MX,2021-07-23 03:38:51
251,Druzhba,52.0428,33.9453,57.07,68,9,5.61,UA,2021-07-23 03:38:52
252,Aljezur,37.3191,-8.8033,61.7,92,6,8.43,PT,2021-07-23 03:38:52
253,Balkhash,46.844,74.9804,79.41,41,0,20.13,KZ,2021-07-23 03:37:33
254,Donskoye,45.4552,41.9741,68.13,81,100,6.44,RU,2021-07-23 03:38:53
255,Rio Grande,-32.035,-52.0986,50.95,91,94,8.72,BR,2021-07-23 03:38:54
256,Charlestown,-32.95,151.6667,64.94,58,82,1.99,AU,2021-07-23 03:37:48
257,San Angelo,31.4638,-100.437,82.54,62,75,5.99,US,2021-07-23 03:38:55
258,Neiafu,-18.65,-173.9833,83.08,69,20,6.91,TO,2021-07-23 03:38:57
259,Shchors,51.8186,31.945,58.57,69,2,5.44,UA,2021-07-23 03:38:58
260,Sartell,45.6216,-94.2069,80.38,70,90,1.99,US,2021-07-23 03:38:58
261,Meadow Lake,34.8014,-106.5436,78.31,62,100,4.56,US,2021-07-23 03:38:59
262,Saint-Georges,12.0564,-61.7485,80.28,89,40,10.36,GD,2021-07-23 03:38:59
263,Bukoba,-1.3317,31.8122,70.68,62,9,12.01,TZ,2021-07-23 03:39:00
264,Acapulco,16.8634,-99.8901,79.92,82,75,4.85,MX,2021-07-23 03:37:06
265,Cap Malheureux,-19.9842,57.6142,72.46,68,13,5.99,MU,2021-07-23 03:39:00
266,Grand Gaube,-20.0064,57.6608,72.37,68,11,5.99,MU,2021-07-23 03:39:01
267,Ossora,59.2353,163.0719,61.79,72,79,8.01,RU,2021-07-23 03:39:02
268,Ayan,56.45,138.1667,67.23,72,22,9.89,RU,2021-07-23 03:39:03
269,Katherine,-14.4667,132.2667,89.92,23,31,6.91,AU,2021-07-23 03:39:03
270,San Juan,-31.5375,-68.5364,55.94,24,44,2.48,AR,2021-07-23 03:39:04
271,Kiknur,57.3034,47.2011,59.49,54,89,6.69,RU,2021-07-23 03:39:05
272,Kavaratti,10.5669,72.642,81.97,82,100,24.85,IN,2021-07-23 03:39:05
273,Lavrentiya,65.5833,-171.0,43.77,81,94,1.19,RU,2021-07-23 03:39:06
274,Dali,25.7,100.1833,74.52,65,53,3.0,CN,2021-07-23 03:39:07
275,San Cristobal,7.7669,-72.225,64.87,97,100,4.12,VE,2021-07-23 03:39:08
276,Taoudenni,22.6783,-3.9836,95.02,24,0,12.5,ML,2021-07-23 03:37:54
277,Sonoita,31.85,-112.8333,93.52,49,93,13.44,MX,2021-07-23 03:39:09
278,Goure,13.9835,10.2704,77.02,83,100,23.89,NE,2021-07-23 03:39:09
279,Kalawit,8.0667,122.5167,86.29,68,100,7.85,PH,2021-07-23 03:39:10
280,Coolum Beach,-26.5333,153.1,68.11,79,58,13.31,AU,2021-07-23 03:39:11
281,Zaozerne,45.1582,33.2787,67.95,65,89,14.81,UA,2021-07-23 03:39:12
282,Grindavik,63.8424,-22.4338,57.15,100,90,17.27,IS,2021-07-23 03:39:13
283,Mao,39.8885,4.2658,73.96,88,0,5.75,ES,2021-07-23 03:39:14
284,Rorvik,64.8621,11.2373,53.46,82,98,11.88,NO,2021-07-23 03:39:15
285,Veraval,20.9,70.3667,83.26,84,100,18.19,IN,2021-07-23 03:39:15
286,Sibolga,1.7427,98.7792,85.87,63,100,3.09,ID,2021-07-23 03:39:15
287,Dargaville,-35.9333,173.8833,56.44,77,30,5.32,NZ,2021-07-23 03:39:16
288,Burnie,-41.0667,145.9167,51.93,84,99,13.65,AU,2021-07-23 03:39:17
289,Santa Isabel Do Rio Negro,-0.4139,-65.0192,71.73,98,86,0.76,BR,2021-07-23 03:39:17
290,Bilyayivka,46.4832,30.2168,61.29,70,0,8.32,UA,2021-07-23 03:39:18
291,Vila Franca Do Campo,37.7167,-25.4333,63.01,84,18,4.68,PT,2021-07-23 03:39:18
292,Fortuna,40.5982,-124.1573,57.33,80,1,10.36,US,2021-07-23 03:39:19
293,River Falls,44.8614,-92.6238,80.69,82,17,9.57,US,2021-07-23 03:39:20
294,Hondo,32.45,130.2,87.75,74,100,7.02,JP,2021-07-23 03:39:20
295,Ajdabiya,30.7554,20.2263,74.82,76,0,9.22,LY,2021-07-23 03:39:21
296,Stokmarknes,68.5646,14.9108,50.49,84,100,7.38,NO,2021-07-23 03:39:22
297,Santiago,-33.4569,-70.6483,61.86,47,100,0.0,CL,2021-07-23 03:38:18
298,Coron,11.9986,120.2043,81.52,86,100,18.1,PH,2021-07-23 03:39:23
299,Fukue,32.6881,128.8419,82.76,69,0,5.75,JP,2021-07-23 03:39:24
300,Dubbo,-32.25,148.6167,57.33,62,90,21.85,AU,2021-07-23 03:39:25
301,Touros,-5.1989,-35.4608,72.5,88,14,13.71,BR,2021-07-23 03:39:26
302,Labuhan,-6.8844,112.2051,87.66,57,21,3.04,ID,2021-07-23 03:39:28
303,Iroquois Falls,48.7669,-80.6831,51.94,84,13,1.14,CA,2021-07-23 03:39:30
304,Kaeo,-35.1,173.7833,59.32,75,14,6.44,NZ,2021-07-23 03:39:30
305,Rochegda,62.8,43.25,54.03,79,100,4.74,RU,2021-07-23 03:39:31
306,Souillac,-20.5167,57.5167,71.37,78,75,11.5,MU,2021-07-23 03:39:31
307,Ixtapa,20.7,-105.2,77.95,95,98,1.66,MX,2021-07-23 03:39:32
308,Luwuk,-0.9516,122.7875,84.09,73,69,7.16,ID,2021-07-23 03:39:32
309,Ozernovskiy,51.5,156.5167,54.54,88,99,5.23,RU,2021-07-23 03:39:33
310,Matara,5.9485,80.5353,80.94,85,100,14.85,LK,2021-07-23 03:39:33
311,Chebsara,59.2002,38.8356,54.73,96,98,8.55,RU,2021-07-23 03:39:34
312,At-Bashi,41.1702,75.8106,69.3,27,1,1.52,KG,2021-07-23 03:39:35
313,Kpandae,8.4689,-0.0113,73.78,84,100,8.1,GH,2021-07-23 03:39:35
314,Broken Hill,-31.95,141.4333,47.91,87,90,14.97,AU,2021-07-23 03:37:27
315,Gornopravdinsk,60.05,69.9,80.85,54,15,13.78,RU,2021-07-23 03:39:38
316,Velika Gorica,45.7125,16.0756,66.18,87,0,0.0,HR,2021-07-23 03:39:39
317,Limni,38.7667,23.3167,72.63,74,0,6.8,GR,2021-07-23 03:39:39
318,Barra Patuca,15.8,-84.2833,78.93,86,46,7.61,HN,2021-07-23 03:39:40
319,North Platte,41.1239,-100.7654,80.38,61,1,1.01,US,2021-07-23 03:34:44
320,Beian,63.6559,9.5683,53.69,87,75,11.5,NO,2021-07-23 03:39:41
321,Fare,-16.7,-151.0167,77.85,65,16,13.71,PF,2021-07-23 03:39:41
322,Mizan Teferi,6.9833,35.5833,59.34,96,72,2.93,ET,2021-07-23 03:39:42
323,Sedona,34.8697,-111.761,79.25,67,100,3.65,US,2021-07-23 03:36:14
324,Sao Filipe,14.8961,-24.4956,73.51,85,10,9.04,CV,2021-07-23 03:39:43
325,Pechora,65.1472,57.2244,59.83,39,8,6.49,RU,2021-07-23 03:39:44
326,Shimoda,34.6667,138.95,84.56,71,48,7.05,JP,2021-07-23 03:39:45
327,Mugur-Aksy,50.35,90.5,64.0,52,100,14.14,RU,2021-07-23 03:39:45
328,Goderich,43.7501,-81.7165,62.92,72,99,2.3,CA,2021-07-23 03:39:46
329,Lalsk,60.7415,47.5862,54.43,66,54,4.65,RU,2021-07-23 03:39:46
330,Caibarien,22.5206,-79.4669,78.12,81,23,10.63,CU,2021-07-23 03:39:47
331,Nishihara,26.1842,127.7558,78.85,97,90,32.21,JP,2021-07-23 03:39:48
332,Wonthaggi,-38.6044,145.5913,51.37,75,100,11.12,AU,2021-07-23 03:39:48
333,Lebu,-37.6167,-73.65,50.9,86,100,8.37,CL,2021-07-23 03:37:29
334,Port Said,31.2565,32.2841,78.78,83,40,12.66,EG,2021-07-23 03:37:05
335,Beisfjord,68.3751,17.5988,49.24,94,100,7.07,NO,2021-07-23 03:39:49
336,Jinchang,38.4953,102.1739,90.61,27,9,14.03,CN,2021-07-23 03:39:50
337,Hazorasp,41.3194,61.0742,78.64,14,0,10.89,UZ,2021-07-23 03:39:51
338,Yanam,16.7333,82.2167,82.8,84,100,10.29,IN,2021-07-23 03:39:51
339,Meulaboh,4.1363,96.1285,85.77,63,61,0.74,ID,2021-07-23 03:39:52
340,Cidreira,-30.1811,-50.2056,57.76,90,53,13.4,BR,2021-07-23 03:39:52
341,Rusanesti,43.9333,24.6,61.25,59,56,7.76,RO,2021-07-23 03:39:53
342,Rosarito,32.3333,-117.0333,73.08,80,86,4.09,MX,2021-07-23 03:39:55
343,Saldanha,-33.0117,17.9442,41.05,73,0,9.62,ZA,2021-07-23 03:39:55
344,Ambatofinandrahana,-20.55,46.8,49.28,86,12,2.33,MG,2021-07-23 03:39:56
345,Le Port,-20.9373,55.2919,67.96,68,6,6.24,RE,2021-07-23 03:39:56
346,Maceio,-9.6658,-35.7353,74.64,78,20,3.44,BR,2021-07-23 03:39:51
347,Mehran,33.1222,46.1646,85.48,17,0,12.35,IR,2021-07-23 03:39:57
348,Sol-Iletsk,51.1631,54.9918,74.03,73,80,8.3,RU,2021-07-23 03:39:58
349,Tiksi,71.6872,128.8694,48.18,72,100,10.38,RU,2021-07-23 03:39:59
350,Buala,-8.145,159.5921,84.99,69,15,6.62,SB,2021-07-23 03:37:53
351,Havre-Saint-Pierre,50.2334,-63.5986,57.56,94,90,4.61,CA,2021-07-23 03:40:02
352,Nouakchott,18.0858,-15.9785,73.33,77,1,17.56,MR,2021-07-23 03:40:02
353,Mecca,21.4267,39.8261,86.72,50,95,9.37,SA,2021-07-23 03:40:04
354,Lubango,-14.9172,13.4925,49.21,26,28,5.23,AO,2021-07-23 03:40:05
355,Caravelas,-17.7125,-39.2481,68.72,77,74,8.01,BR,2021-07-23 03:40:05
356,Kushmurun,52.4503,64.6311,84.6,30,11,17.34,KZ,2021-07-23 03:40:06
357,Susanville,40.4163,-120.653,66.81,22,0,4.0,US,2021-07-23 03:35:31
358,Uruzgan,32.8333,66.0,82.81,15,79,2.84,AF,2021-07-23 03:40:07
359,Hachinohe,40.5,141.5,79.83,70,91,7.49,JP,2021-07-23 03:40:07
360,Abengourou,6.7297,-3.4964,70.27,96,82,2.53,CI,2021-07-23 03:40:08
361,Abay,49.6311,72.8539,73.78,33,0,11.32,KZ,2021-07-23 03:40:09
362,Yumen,40.2833,97.2,91.44,24,72,14.5,CN,2021-07-23 03:40:10
363,Katiola,8.1333,-5.1,74.03,97,79,5.1,CI,2021-07-23 03:40:10
364,Paracatu,-17.2222,-46.8747,59.85,52,62,2.68,BR,2021-07-23 03:40:11
365,Byron Bay,-28.65,153.6167,67.05,69,100,5.46,AU,2021-07-23 03:36:03
366,Faxinal,-24.0003,-51.3194,51.19,47,0,5.06,BR,2021-07-23 03:40:13
367,Barra Do Garcas,-15.89,-52.2567,67.96,44,0,2.33,BR,2021-07-23 03:40:14
368,Vardo,70.3705,31.1107,44.8,79,100,26.35,NO,2021-07-23 03:40:14
369,Marfino,55.7028,37.3822,56.48,82,0,8.95,RU,2021-07-23 03:40:15
370,Luena,-11.7833,19.9167,49.93,29,40,8.1,AO,2021-07-23 03:40:15
371,Muros,42.7762,-9.0603,63.99,91,99,6.58,ES,2021-07-23 03:40:16
372,Bac Lieu,9.285,105.7244,88.43,63,100,13.22,VN,2021-07-23 03:39:37
373,Casablanca,33.5928,-7.6192,73.33,88,96,11.01,MA,2021-07-23 03:37:19
374,Vuktyl,63.8567,57.3094,59.97,39,2,1.99,RU,2021-07-23 03:40:18
375,Shushenskoye,53.325,91.9356,74.88,69,97,3.91,RU,2021-07-23 03:40:18
376,Kuytun,54.3419,101.5036,73.38,39,9,9.93,RU,2021-07-23 03:40:19
377,Ust-Nera,64.5667,143.2,57.33,89,100,2.89,RU,2021-07-23 03:40:21
378,Waddan,29.1614,16.139,72.21,68,0,3.94,LY,2021-07-23 03:40:21
379,Buford,34.1207,-84.0043,79.02,81,85,2.46,US,2021-07-23 03:35:48
380,Arrecife,28.963,-13.5477,73.47,78,0,20.71,ES,2021-07-23 03:40:23
381,Itanagar,27.1,93.6167,81.23,65,14,5.37,IN,2021-07-23 03:40:23
382,Sergeyevka,53.88,67.4158,77.68,41,84,16.17,KZ,2021-07-23 03:40:24
383,Port Blair,11.6667,92.75,83.61,81,97,22.1,IN,2021-07-23 03:37:13
384,Westport,41.1415,-73.3579,74.98,81,40,3.0,US,2021-07-23 03:40:25
385,Polyarnyy,69.1989,33.4478,41.47,78,98,23.87,RU,2021-07-23 03:40:26
386,Hoi An,15.8794,108.335,93.16,64,100,13.51,VN,2021-07-23 03:40:26
387,Mandalgovi,45.7625,106.2708,74.75,27,78,4.41,MN,2021-07-23 03:40:29
388,Rocha,-34.4833,-54.3333,48.56,77,66,7.63,UY,2021-07-23 03:40:30
389,Atar,20.5169,-13.0499,80.1,32,32,4.38,MR,2021-07-23 03:40:31
390,Olafsvik,64.8945,-23.7142,52.18,97,100,10.96,IS,2021-07-23 03:40:31
391,Larsnes,62.2028,5.5773,57.85,89,12,12.88,NO,2021-07-23 03:40:31
392,Leh,34.1667,77.5833,62.98,47,56,3.87,IN,2021-07-23 03:40:32
393,Saint George,37.1041,-113.5841,79.36,77,75,1.99,US,2021-07-23 03:40:33
394,Kulhudhuffushi,6.6221,73.07,82.85,74,100,17.54,MV,2021-07-23 03:40:33
395,Tikapur,28.5,81.1333,91.81,60,86,0.89,NP,2021-07-23 03:40:34
396,Santa Marta,11.2408,-74.199,85.98,69,68,21.0,CO,2021-07-23 03:38:38
397,Nadym,65.5333,72.5167,61.95,57,100,17.2,RU,2021-07-23 03:40:37
398,Berdigestyakh,62.0989,126.6992,80.15,36,100,5.88,RU,2021-07-23 03:40:37
399,Suhbaatar,50.2314,106.2078,77.27,56,99,3.33,MN,2021-07-23 03:40:39
400,Buin,-33.7333,-70.75,62.74,53,100,2.39,CL,2021-07-23 03:40:40
401,Saint-Augustin,51.226,-58.6502,48.24,94,100,13.78,CA,2021-07-23 03:40:40
402,Shirokiy,49.758,129.523,88.99,56,94,7.25,RU,2021-07-23 03:40:42
403,Ghosi,26.1083,83.5436,92.43,59,25,9.71,IN,2021-07-23 03:40:43
404,Biak,-0.9131,122.8766,81.32,74,71,7.65,ID,2021-07-23 03:39:24
405,Santiago De Cao,-7.9589,-79.2392,63.5,88,31,10.36,PE,2021-07-23 03:40:44
406,Hambantota,6.1241,81.1185,84.54,84,40,14.97,LK,2021-07-23 03:40:45
407,Milkovo,54.7167,158.6167,79.07,43,3,3.51,RU,2021-07-23 03:40:46
408,Walvis Bay,-22.9575,14.5053,52.75,43,0,3.44,NA,2021-07-23 03:40:46
409,Urman,54.8831,56.8742,61.9,86,100,4.68,RU,2021-07-23 03:40:47
410,Cerrito,6.8432,-72.694,53.51,92,94,6.17,CO,2021-07-23 03:40:47
411,Heilbron,-27.2812,27.9709,23.61,62,0,4.21,ZA,2021-07-23 03:40:48
412,Isabela,6.7085,121.9711,86.05,72,93,10.92,PH,2021-07-23 03:40:49
413,Marsa Matruh,31.3525,27.2453,77.2,88,0,8.05,EG,2021-07-23 03:37:57
414,Salym,60.0625,71.4789,77.29,58,17,13.8,RU,2021-07-23 03:40:50
415,Port Hardy,50.6996,-127.4199,57.38,82,90,8.05,CA,2021-07-23 03:39:24
416,Kimbe,-5.5502,150.1429,83.89,79,98,0.78,PG,2021-07-23 03:40:50
417,Longonjo,-12.9067,15.2533,50.22,29,88,4.54,AO,2021-07-23 03:40:51
418,Odweyne,9.4092,45.064,73.45,49,86,21.03,SO,2021-07-23 03:40:53
419,Belmonte,-15.8631,-38.8828,66.7,78,27,10.49,BR,2021-07-23 03:40:54
420,Kolhapur,16.7,74.2167,72.97,93,100,9.82,IN,2021-07-23 03:40:54
421,Balclutha,-46.2339,169.75,52.61,52,12,3.18,NZ,2021-07-23 03:40:55
422,Denpasar,-8.65,115.2167,83.86,74,20,13.8,ID,2021-07-23 03:40:56
423,Katsuura,35.1333,140.3,93.31,67,16,8.72,JP,2021-07-23 03:40:56
424,Saint-Joseph,-21.3667,55.6167,66.56,73,22,10.98,RE,2021-07-23 03:40:56
425,Dzilam Gonzalez,21.2833,-88.9333,78.94,87,0,6.58,MX,2021-07-23 03:40:57
426,Flin Flon,54.7682,-101.865,67.95,88,24,12.46,CA,2021-07-23 03:40:58
427,Tautira,-17.7333,-149.15,80.62,70,2,10.98,PF,2021-07-23 03:40:59
428,Eydhafushi,5.1033,73.0708,81.75,77,90,13.22,MV,2021-07-23 03:41:00
429,Corinth,37.9407,22.9573,77.68,61,0,2.75,GR,2021-07-23 03:41:01
430,Tynda,55.1667,124.7167,80.65,64,92,6.96,RU,2021-07-23 03:41:01
431,Matagami,49.7502,-77.6328,51.91,93,1,0.0,CA,2021-07-23 03:41:02
432,Tommot,58.9564,126.2925,78.35,64,97,9.13,RU,2021-07-23 03:41:02
433,Alpine,32.835,-116.7664,77.67,66,1,5.75,US,2021-07-23 03:38:40
434,Rangpur,25.75,89.25,90.12,62,47,14.7,BD,2021-07-23 03:41:03
435,Rio Gallegos,-51.6226,-69.2181,39.25,65,75,18.41,AR,2021-07-23 03:41:04
436,Yuanping,38.7153,112.7575,77.13,61,100,4.45,CN,2021-07-23 03:41:05
437,Tura,25.5198,90.2201,84.58,80,28,4.18,IN,2021-07-23 03:41:06
438,Gat,31.61,34.7642,77.68,100,80,8.32,IL,2021-07-23 03:41:03
439,Paita,-5.0892,-81.1144,65.34,79,48,11.59,PE,2021-07-23 03:41:06
440,Bubaque,11.2833,-15.8333,80.49,83,100,17.31,GW,2021-07-23 03:41:07
441,Vanavara,60.34,102.2797,77.13,37,23,7.09,RU,2021-07-23 03:41:09
442,Ngaoundere,7.3167,13.5833,63.7,98,100,2.37,CM,2021-07-23 03:41:10
443,Qena,26.1615,32.7183,84.31,30,0,5.82,EG,2021-07-23 03:41:10
444,Oriximina,-1.7656,-55.8661,77.52,78,56,3.09,BR,2021-07-23 03:41:11
445,Tilichiki,60.4667,166.1,62.62,60,83,9.42,RU,2021-07-23 03:37:14
446,Leningradskiy,69.3833,178.4167,39.45,80,82,10.89,RU,2021-07-23 03:41:12
447,Puro,12.4841,123.3827,86.54,68,100,25.23,PH,2021-07-23 03:41:13
448,Portland,45.5234,-122.6762,76.93,52,20,1.01,US,2021-07-23 03:39:41
449,Sistranda,63.7256,8.834,53.56,84,100,10.58,NO,2021-07-23 03:41:15
450,Pekan,3.4836,103.3996,86.11,57,36,6.15,MY,2021-07-23 03:41:16
451,Lokomotivnyy,53.0118,60.5684,76.55,55,72,3.24,RU,2021-07-23 03:41:19
452,Sinnamary,5.3833,-52.95,77.58,89,57,8.86,GF,2021-07-23 03:41:19
453,Nuevo Progreso,23.1667,-97.95,80.6,88,98,3.49,MX,2021-07-23 03:41:20
454,Pundaguitan,6.3711,126.1689,85.57,68,7,12.33,PH,2021-07-23 03:39:20
455,Abonnema,4.7084,6.7931,74.91,88,100,5.19,NG,2021-07-23 03:41:21
456,Turukhansk,65.8167,87.9833,68.38,59,91,3.67,RU,2021-07-23 03:41:22
457,Antofagasta,-23.65,-70.4,54.68,82,20,1.7,CL,2021-07-23 03:41:23
458,Bafq,31.6128,55.4107,94.33,11,3,5.95,IR,2021-07-23 03:41:24
459,Bathsheba,13.2167,-59.5167,81.21,83,75,19.57,BB,2021-07-23 03:41:24
460,Labelle,26.7617,-81.4384,84.97,74,99,2.17,US,2021-07-23 03:41:26
461,Gamba,-2.65,10.0,69.87,83,93,3.29,GA,2021-07-23 03:41:27
462,Bilibino,68.0546,166.4372,67.86,37,80,5.46,RU,2021-07-23 03:41:28
463,Mutis,6.2262,-77.4044,78.28,92,100,5.68,CO,2021-07-23 03:41:28
464,Gordeyevka,52.9569,31.9703,57.0,72,41,6.11,RU,2021-07-23 03:41:29
465,Pacific Grove,36.6177,-121.9166,63.61,87,90,1.01,US,2021-07-23 03:41:30
466,Yatou,37.15,122.3833,86.94,53,96,4.88,CN,2021-07-23 03:41:31
467,Hami,42.8,93.45,96.24,23,100,6.73,CN,2021-07-23 03:41:31
468,Waitara,-38.925,174.25,55.72,82,19,5.93,NZ,2021-07-23 03:41:32
469,Sancti Spiritus,21.9297,-79.4425,73.24,92,7,5.48,CU,2021-07-23 03:41:34
470,Tromso,69.6496,18.957,45.37,93,100,6.91,NO,2021-07-23 03:39:41
471,Santa Cruz Cabralia,-16.2781,-39.0247,66.43,82,20,3.44,BR,2021-07-23 03:41:35
472,Namibe,-15.1961,12.1522,64.94,84,6,9.06,AO,2021-07-23 03:41:35
473,Sitka,57.0531,-135.33,62.49,55,75,14.97,US,2021-07-23 03:41:36
474,Pauini,-7.7136,-66.9764,71.33,65,2,2.39,BR,2021-07-23 03:41:36
475,Oranjemund,-28.55,16.4333,53.2,39,1,11.88,NA,2021-07-23 03:41:37
476,Channel-Port Aux Basques,47.5702,-59.1367,57.9,91,89,11.07,CA,2021-07-23 03:41:38
477,Kunming,25.0389,102.7183,66.13,88,90,8.95,CN,2021-07-23 03:41:38
478,Orel-Izumrud,43.4583,39.9244,69.03,88,75,7.0,RU,2021-07-23 03:41:39
479,Port Augusta,-32.5,137.7667,55.71,63,74,8.19,AU,2021-07-23 03:41:40
480,Kysyl-Syr,63.8986,122.7617,79.56,45,90,1.59,RU,2021-07-23 03:41:41
481,Jalu,29.0331,21.5482,76.55,61,1,13.69,LY,2021-07-23 03:41:42
482,Okhotsk,59.3833,143.3,59.92,85,91,4.61,RU,2021-07-23 03:41:43
483,Camacha,33.0833,-16.3333,68.76,83,40,10.36,PT,2021-07-23 03:41:45
484,Kango,0.1943,10.0951,71.37,85,100,2.93,GA,2021-07-23 03:41:46
485,Newala,-10.9431,39.2787,59.25,96,53,2.08,TZ,2021-07-23 03:41:47
486,Kpandu,6.9954,0.2931,71.83,87,100,6.62,GH,2021-07-23 03:41:47
487,Urengoy,65.9667,78.3667,67.06,50,99,11.25,RU,2021-07-23 03:41:48
488,Orange Cove,36.6244,-119.3137,94.37,23,1,5.75,US,2021-07-23 03:41:48
489,Nemuro,43.3236,145.575,82.83,90,72,13.58,JP,2021-07-23 03:41:49
490,Shellbrook,53.2168,-106.4011,63.63,70,0,12.37,CA,2021-07-23 03:41:50
491,Iskandar,41.5539,69.7008,83.25,14,0,3.38,UZ,2021-07-23 03:41:50
492,Kargasok,59.0556,80.8572,79.3,49,91,7.38,RU,2021-07-23 03:41:51
493,Faya,18.3851,42.4509,60.91,85,100,3.13,SA,2021-07-23 03:39:38
494,Aykhal,66.0,111.5,70.97,35,40,9.78,RU,2021-07-23 03:41:52
495,Imperia,43.9667,7.7833,68.0,87,0,5.55,IT,2021-07-23 03:41:53
496,Oeiras,-7.0253,-42.1311,72.36,57,4,8.25,BR,2021-07-23 03:41:53
497,Dickinson,29.4608,-95.0513,85.15,83,40,8.05,US,2021-07-23 03:39:29
498,Hede,33.7681,120.2517,86.09,66,100,11.77,CN,2021-07-23 03:41:54
499,Balakovo,52.0278,47.8007,66.13,70,100,8.9,RU,2021-07-23 03:41:56
500,Svetlaya,46.5389,138.3297,76.01,75,91,7.9,RU,2021-07-23 03:41:57
501,Clarence Town,-32.5833,151.7833,66.97,59,65,1.3,AU,2021-07-23 03:41:58
502,Susaki,33.3667,133.2833,86.07,74,100,7.58,JP,2021-07-23 03:41:59
503,Cape Canaveral,28.4058,-80.6048,82.04,94,1,0.0,US,2021-07-23 03:41:59
504,Marau,-28.4492,-52.2,53.71,76,54,4.03,BR,2021-07-23 03:42:00
505,Olinda,-8.0089,-34.8553,73.13,78,75,16.11,BR,2021-07-23 03:42:00
506,Spirit River,55.7833,-118.8361,57.74,56,100,22.06,CA,2021-07-23 03:42:03
507,Gizo,-8.103,156.8419,84.13,71,13,4.85,SB,2021-07-23 03:42:03
508,Saint-Pierre,-21.3393,55.4781,67.64,63,0,9.22,RE,2021-07-23 03:42:04
509,Donghai,22.9459,115.642,94.95,51,3,5.35,CN,2021-07-23 03:42:05
510,Jiuquan,39.7432,98.5174,93.33,21,31,8.19,CN,2021-07-23 03:38:05
511,Gubkinskiy,64.434,76.5026,71.42,53,99,16.2,RU,2021-07-23 03:42:06
512,Bishop Auckland,54.6555,-1.6771,61.25,85,71,1.23,GB,2021-07-23 03:38:33
513,Vanderhoof,54.0166,-124.0198,57.47,55,18,10.65,CA,2021-07-23 03:42:07
514,Kostomuksha,64.571,30.5767,48.7,71,50,9.93,RU,2021-07-23 03:42:08
515,Oyek,52.5861,104.4556,71.98,87,100,4.74,RU,2021-07-23 03:42:09
516,Tabou,4.423,-7.3528,75.24,85,100,10.63,CI,2021-07-23 03:42:10
517,Porto Novo,6.4965,2.6036,78.62,81,89,7.34,BJ,2021-07-23 03:42:12
518,Nikolsk,53.7189,46.0712,59.47,65,0,6.96,RU,2021-07-23 03:42:14
519,Hofn,64.2539,-15.2082,53.42,97,100,1.83,IS,2021-07-23 03:42:14
520,Puerto Leguizamo,-0.1934,-74.7819,70.27,98,100,2.44,CO,2021-07-23 03:42:16
521,Sur,22.5667,59.5289,93.9,51,0,9.24,OM,2021-07-23 03:38:22
522,Zyryanka,65.75,150.85,68.72,46,100,10.11,RU,2021-07-23 03:42:17
523,Manakara,-22.1333,48.0167,63.3,92,18,5.82,MG,2021-07-23 03:42:17
524,Vao,-22.6667,167.4833,69.53,71,67,6.76,NC,2021-07-23 03:42:18
525,Tongren,27.7172,109.1853,88.47,63,46,7.78,CN,2021-07-23 03:42:18
526,Bilma,18.6853,12.9164,83.21,46,81,11.18,NE,2021-07-23 03:39:34
527,Along,28.1667,94.7667,93.16,54,7,1.83,IN,2021-07-23 03:42:19
528,Pemangkat,1.1667,108.9667,86.52,69,80,8.86,ID,2021-07-23 03:42:20
529,Moranbah,-22.0016,148.0466,81.18,35,19,20.13,AU,2021-07-23 03:42:20
530,Coihaique,-45.5752,-72.0662,37.35,93,90,5.75,CL,2021-07-23 03:42:21
531,Beyneu,45.3167,55.2,92.88,15,68,17.43,KZ,2021-07-23 03:42:21
532,Jumla,29.2747,82.1838,68.16,85,100,2.39,NP,2021-07-23 03:39:04
533,Igarka,67.4667,86.5833,65.48,58,90,9.31,RU,2021-07-23 03:42:22
534,Acajutla,13.5928,-89.8275,83.8,71,100,6.62,SV,2021-07-23 03:42:23
535,Yuzhou,34.1628,113.4639,77.27,93,100,7.43,CN,2021-07-23 03:42:25
536,Omboue,-1.5746,9.2618,72.82,75,100,5.26,GA,2021-07-23 03:42:26
537,Clyde River,70.4692,-68.5914,35.83,100,90,5.75,CA,2021-07-23 03:42:26
538,Chambas,22.1928,-78.9136,82.02,89,13,4.68,CU,2021-07-23 03:42:27
539,Myitkyina,25.3833,97.4,87.87,67,69,2.57,MM,2021-07-23 03:42:28
540,Sabha,27.0377,14.4283,76.84,52,0,13.94,LY,2021-07-23 03:38:02
541,Laranjal Paulista,-23.0497,-47.8367,56.14,89,0,5.84,BR,2021-07-23 03:42:30
542,Macapa,0.0389,-51.0664,80.58,94,40,2.3,BR,2021-07-23 03:42:30
543,Gorin,51.1983,136.6669,96.15,41,19,2.95,RU,2021-07-23 03:42:31
544,Verkhnevilyuysk,63.4453,120.3167,70.03,75,100,2.26,RU,2021-07-23 03:42:31
545,Aksay,47.26,39.87,66.72,85,100,8.99,RU,2021-07-23 03:42:32
546,Arukula,59.3644,25.0772,62.51,72,0,9.22,EE,2021-07-23 03:42:32
547,Morro Bay,35.3658,-120.8499,74.28,83,46,3.0,US,2021-07-23 03:42:03
548,Boynton Beach,26.5254,-80.0664,84.97,83,1,3.0,US,2021-07-23 03:42:34
549,Sola,-13.8833,167.55,77.67,94,90,0.0,VU,2021-07-23 03:38:20
550,Mayahi,13.9553,7.6712,79.45,69,80,15.93,NE,2021-07-23 03:42:35
551,Gisborne,-38.6533,178.0042,53.94,85,62,8.57,NZ,2021-07-23 03:42:37
552,La Ronge,55.1001,-105.2842,71.85,43,90,5.75,CA,2021-07-23 03:42:37
553,Teodoro Sampaio,-22.5325,-52.1675,57.29,40,0,5.75,BR,2021-07-23 03:42:38
554,Ahome,25.9167,-109.1833,88.14,73,58,4.12,MX,2021-07-23 03:42:39
555,Zhigansk,66.7697,123.3711,72.86,47,100,1.36,RU,2021-07-23 03:42:40
556,Dire Dawa,9.5931,41.8661,71.85,66,87,6.8,ET,2021-07-23 03:42:41
557,Salo,45.6086,10.531,71.69,85,4,5.64,IT,2021-07-23 03:42:43
558,Soe,-9.8607,124.284,84.25,22,13,7.61,ID,2021-07-23 03:42:43
559,Ulladulla,-35.35,150.4667,57.87,62,97,8.19,AU,2021-07-23 03:42:44
560,Turkistan,43.0,68.0,89.22,21,0,2.1,KZ,2021-07-23 03:42:44
